Workbook

Sheet  سهام
B1: صندوق سرمایه گذاری شاخص سی شرکت بزرگ فیروزه
B2: صورت وضعیت پرتفوی
B3: =AC6 -> برای ماه منتهی به 1404/07/30
B4: 1- سرمایه گذاری ها | AC4: 1404/06/31
B5: 1-1-سرمایه‌گذاری در سهام و حق تقدم سهام | AC5: 1404/07/30
D6: =AC4 -> 1404/06/31 | J6: تغییرات طی دوره | R6: =AC5 -> 1404/07/30 | AC6: برای ماه منتهی به 1404/07/30
B7: شرکت | D7: تعداد | F7: بهای تمام شده | H7: خالص ارزش فروش | J7: خرید طی دوره | N7: فروش طی دوره | R7: تعداد | T7: قیمت بازار هر سهم | V7: بهای تمام شده | X7: خالص ارزش فروش | Z7: درصد به کل دارایی‌ها | AC7: طی مهر ماه
J8: تعداد | L8: بهای تمام شده | N8: تعداد | P8: مبلغ فروش | AC8: از ابتدای سال مالی تا پایان مهر ماه
B9: اقتصادی و خودکفایی آزادگان | D9: 14000000 | F9: 95486198330 | H9: 70418502000 | I9: 124544524500 | J9: 0 | L9: 0 | N9: -14000000 | P9: 71684704000 | R9: 0 | T9: 0 | V9: 0 | X9: 0 | Z9: =X9/$Z$69 -> 0
B10: ایران‌ خودرو | D10: 70000000 | F10: 35776968687 | H10: 27972567000 | I10: 91104682500 | J10: 49200000 | L10: 23641834149 | N10: 0 | P10: 0 | R10: 119200000 | T10: 532 | V10: 59418802836 | X10: 63037084320 | Z10: =X10/$Z$69 -> 0.008632879
B11: بانک پاسارگاد | D11: 1000 | F11: 1915216 | H11: 4291313.8 | I11: 6.0450666e+09 | J11: 0 | L11: 0 | N11: 0 | P11: 0 | R11: 1000 | T11: 5099 | V11: 1915216 | X11: 5068661 | Z11: =X11/$Z$69 -> 6.9414912e-07
B12: بانک تجارت | D12: 1000 | F12: 631914 | H12: 389667.6 | I12: 3584544.3 | J12: 0 | L12: 0 | N12: 0 | P12: 0 | R12: 1000 | T12: 468 | V12: 631914 | X12: 465215.4 | Z12: =X12/$Z$69 -> 6.3710883e-08
B13: بانک خاورمیانه | D13: 13600000 | F13: 33748888259 | H13: 30417930000 | I13: 5785371000 | J13: 2400000 | L13: 5849783461 | N13: -1000000 | P13: 2379415174 | R13: 15000000 | T13: 2529 | V13: 37123754740 | X13: 37709286750 | Z13: =X13/$Z$69 -> 0.0051642571
B14: بانک ملت | D14: 36390997 | F14: 30896154180 | H14: 3.6500041e+10 | I14: 187875450000 | J14: 134000000 | L14: 148357355295 | N14: -6400000 | P14: 7648489552 | R14: 163990997 | T14: 1224 | V14: 172520627569 | X14: 1.9953067e+11 | Z14: =X14/$Z$69 -> 0.027325568
B15: بانک‌اقتصادنوین‌ | D15: 30000000 | F15: 113395047697 | H15: 106224183000 | I15: 129972037500 | J15: 0 | L15: 0 | N15: 0 | P15: 0 | R15: 30000000 | T15: 4232 | V15: 113395047697 | X15: 126204588000 | Z15: =X15/$Z$69 -> 0.017283619
B16: بیمه اتکایی ایران معین | D16: 232900 | F16: 394603131 | H16: 4.338577e+08 | I16: 156455517600 | J16: 0 | L16: 0 | N16: 0 | P16: 0 | R16: 232900 | T16: 2020 | V16: 394603131 | X16: 4.6765877e+08 | Z16: =X16/$Z$69 -> 6.4045501e-05
B17: بین المللی توسعه ص. معادن غدیر | D17: 1000 | F17: 5411279 | H17: 2870816.4 | I17: 5.882777e+08 | J17: 0 | L17: 0 | N17: 0 | P17: 0 | R17: 1000 | T17: 3368 | V17: 5411279 | X17: 3347960.4 | Z17: =X17/$Z$69 -> 4.5850054e-07
D18: 140000000 | F18: 535146115145 | H18: 483744492000 | I18: 4419546.3 | J18: 0 | L18: 0 | N18: 0 | P18: 0 | R18: 140000000 | T18: 4900 | V18: 535146115145 | X18: 681918300000 | Z18: =X18/$Z$69 -> 0.093388174
B19: پالایش نفت بندرعباس | D19: 24500000 | F19: 244142660273 | H19: 248413095000 | I19: 654830437500 | J19: 8000000 | L19: 101193238160 | N19: -500000 | P19: 5892489043 | R19: 97600000 | T19: 4131 | V19: 340353395163 | X19: 400786645680 | Z19: =X19/$Z$69 -> 0.054887415
B20: پالایش نفت تبریز | D20: 10000000 | F20: 192794933347 | H20: 174952800000 | I20: 210340980000 | J20: 0 | L20: 0 | N20: 0 | P20: 0 | R20: 10000000 | T20: 23770 | V20: 192794933347 | X20: 236285685000 | Z20: =X20/$Z$69 -> 0.032359138
B21: پالایش نفت تهران | D21: 55000000 | F21: 136058190784 | H21: 118475849250 | I21: 190778076000 | J21: 0 | L21: 0 | N21: -35000000 | P21: 86160123469 | R21: 20000000 | T21: 2917 | V21: 49475705739 | X21: 57992877000 | Z21: =X21/$Z$69 -> 0.0079420788
B22: پتروشیمی بوعلی سینا | D22: 1000 | F22: 68624286 | H22: 47058327 | I22: 164435751000 | J22: 0 | L22: 0 | N22: 0 | P22: 0 | R22: 1000 | T22: 55550 | V22: 68624286 | X22: 55219478 | Z22: =X22/$Z$69 -> 7.5622639e-06
B23: پتروشیمی پارس | D23: 69940113 | F23: 200942238088 | H23: 1.6685753e+11 | I23: 74454345 | J23: 0 | L23: 0 | N23: -20740113 | P23: 57540140042 | R23: 49200000 | T23: 2808 | V23: 141354620263 | X23: 137331586080 | Z23: =X23/$Z$69 -> 0.018807453
B24: پتروشیمی پردیس | D24: 1550000 | F24: 383879335391 | H24: 388584085500 | I24: 276147090000 | J24: 0 | L24: 0 | N24: -50000 | P24: 14107271508 | R24: 1500000 | T24: 284900 | V24: 371496131018 | X24: 424807267500 | Z24: =X24/$Z$69 -> 0.058177021
B25: پتروشیمی جم | D25: 1000 | F25: 68078893 | H25: 35189370 | I25: 338593311000 | J25: 0 | L25: 0 | N25: 0 | P25: 0 | R25: 1000 | T25: 43200 | V25: 68078893 | X25: 42942960 | Z25: =X25/$Z$69 -> 5.8810045e-06
B26: پتروشیمی نوری | D26: 1000000 | F26: 30299649812 | H26: 34553178000 | I26: 280123290000 | J26: 0 | L26: 0 | N26: 0 | P26: 0 | R26: 1000000 | T26: 44790 | V26: 30299649812 | X26: 44523499500 | Z26: =X26/$Z$69 -> 0.0060974582
B27: پتروشیمی‌شیراز | D27: 6300000 | F27: 232841513410 | H27: 196329845250 | I27: 196321892850 | J27: 105319 | L27: 3820592343 | N27: -405319 | P27: 13961383517 | R27: 6000000 | T27: 36020 | V27: 221684251852 | X27: 214834086000 | Z27: =X27/$Z$69 -> 0.029421359
B28: پویا | D28: 100000 | F28: 2601866800 | H28: 2862864000 | I28: 234352257750 | J28: 0 | L28: 0 | N28: 0 | P28: 0 | R28: 100000 | T28: 30200 | V28: 2601866800 | X28: 3002031000 | Z28: =X28/$Z$69 -> 0.00041112578
B29: توسعه سرمایه و صنعت غدیر | D29: 7000000 | F29: 121613302376 | H29: 97903984500 | I29: 4622332.5 | J29: 0 | L29: 0 | N29: 0 | P29: 0 | R29: 7000000 | T29: 15190 | V29: 121613302376 | X29: 105697336500 | Z29: =X29/$Z$69 -> 0.014475167
B30: توسعه معادن وص.معدنی خاورمیانه | D30: 1000 | F30: 4947385 | H30: 3781366.2 | I30: 4.6052625e+10 | J30: 0 | L30: 0 | N30: 0 | P30: 0 | R30: 1000 | T30: 4293 | V30: 4947385 | X30: 4267456.7 | Z30: =X30/$Z$69 -> 5.8442483e-07
... B36: سرمایه گذاری تامین اجتماعی | D36: 337000000 | F36: 534760080551 | H36: 391608979650 | I36: 67794210000 | J36: 0 | L36: 0 | N36: -7000000 | P36: 9861866649 | R36: 330000000 | T36: 1243 | V36: 523652304396 | X36: 407749369500 | Z36: =X36/$Z$69 -> 0.055840955
B37: سرمایه گذاری سبحان | D37: 28000000 | F37: 58352955715 | H37: 60565478400 | I37: 4413084975 | J37: 0 | L37: 0 | M37: 9102861790 | N37: -3000000 | P37: 6320238252 | R37: 25000000 | T37: 2320 | V37: 52100853316 | X37: 57654900000 | Z37: =X37/$Z$69 -> 0.0078957931
B38: سرمایه گذاری صدرتامین | D38: 10000000 | F38: 118540901629 | H38: 92645460000 | I38: 614223495000 | J38: 0 | L38: 0 | N38: -8000000 | P38: 78327784276 | R38: 2000000 | T38: 11100 | V38: 23708180334 | X38: 22067910000 | Z38: =X38/$Z$69 -> 0.0030221829
B39: سرمایه‌گذاری‌صندوق‌بازنشستگی‌ | D39: 12900000 | F39: 291547971123 | H39: 169395066450 | I39: 72158089500 | J39: 0 | L39: 0 | N39: -900000 | P39: 13691571754 | R39: 12000000 | T39: 15300 | V39: 271207414995 | X39: 182507580000 | Z39: =X39/$Z$69 -> 0.024994269
B40: سرمایه‌گذاری‌غدیر(هلدینگ‌ | D40: 40000000 | F40: 399032730193 | H40: 337579380000 | I40: 266156887500 | J40: 0 | L40: 0 | N40: 0 | P40: 0 | R40: 40000000 | T40: 10080 | V40: 399032730193 | X40: 400800960000 | Z40: =X40/$Z$69 -> 0.054889376
B41: سرمایه‌گذاری‌نیرو | D41: 10000000 | F41: 56454832765 | H41: 48310830000 | I41: 3.4124417e+11 | J41: 0 | L41: 0 | N41: -10000000 | P41: 38860864777 | R41: 0 | T41: 0 | V41: 0 | X41: 0 | Z41: =X41/$Z$69 -> 0
B42: سیمان باقران | D42: 2035713 | F42: 103932356668 | H42: 121416030459 | I42: 484002945000 | J42: 0 | L42: 0 | N42: -2035713 | P42: 137755574821 | R42: 0 | T42: 0 | V42: 0 | X42: 0 | Z42: =X42/$Z$69 -> 0
B43: شمش طلا CD1GOB0001 | D43: 26228 | F43: 149809255586 | H43: 3.2753413e+11 | I43: 62923365000 | J43: 0 | L43: 0 | N43: -26228 | P43: 356337108208 | R43: 0 | T43: 0 | V43: 0 | X43: 0 | Z43: =X43/$Z$69 -> 0
B44: صنایع پتروشیمی خلیج فارس | D44: 40000000 | F44: 258409850710 | H44: 275948280000 | I44: 50179644000 | J44: 50922576 | L44: 404195810524 | N44: -922576 | P44: 7065476177 | R44: 90000000 | T44: 8260 | V44: 656110301933 | X44: 738976770000 | Z44: =X44/$Z$69 -> 0.10120229
B45: صنعتی مینو | D45: 3097352 | F45: 23803419669 | H45: 2.2260612e+10 | I45: 159048000000 | J45: 1200000 | L45: 9077399052 | N45: -4297352 | P45: 32192653049 | R45: 0 | T45: 0 | V45: 0 | X45: 0 | Z45: =X45/$Z$69 -> 0
B46: فروشگاههای زنجیره ای افق کوروش | D46: 1000 | F46: 19398366 | H46: 21729933 | I46: 52485840000 | J46: 368853 | L46: 8859005105 | N46: 0 | P46: 0 | R46: 369853 | T46: 25280 | V46: 8878403471 | X46: 9.294252e+09 | Z46: =X46/$Z$69 -> 0.0012728405
B47: فولاد مبارکه اصفهان | D47: 20000000 | F47: 76210606152 | H47: 44334630000 | I47: 151789446900 | J47: 42000000 | L47: 102387506130 | N47: -32000000 | P47: 87647971297 | R47: 30000000 | T47: 2772 | V47: 86418441429 | X47: 82665198000 | Z47: =X47/$Z$69 -> 0.011320934
B48: گروه س توسعه صنعتی ایران | D48: 60000000 | F48: 98042294767 | H48: 90657360000 | I48: 415115280000 | J48: 0 | L48: 0 | N48: 0 | P48: 0 | R48: 60000000 | T48: 1833 | V48: 98042294767 | X48: 109325619000 | Z48: =X48/$Z$69 -> 0.014972057
B49: گروه مپنا (سهامی عام) | D49: 1000 | F49: 16436086 | H49: 11640326 | I49: 97426840500 | J49: 0 | L49: 0 | N49: 0 | P49: 0 | R49: 1000 | T49: 13580 | V49: 16436086 | X49: 13499199 | Z49: =X49/$Z$69 -> 1.8487047e-06
... B58: کشت و دام گلدشت نمونه اصفهان | D58: 6000000 | F58: 36049243187 | H58: 29881143000 | I58: 289349068050 | J58: 0 | L58: 0 | N58: -3000000 | P58: 16714268686 | R58: 3000000 | T58: 5570 | V58: 18024621597 | X58: 16610575500 | Z58: =X58/$Z$69 -> 0.0022748052
B59: کشتیرانی جمهوری اسلامی ایران | D59: 35000000 | F59: 260361510798 | H59: 206315077500 | J59: 0 | L59: 0 | N59: -5000000 | P59: 28530711234 | R59: 30000000 | T59: 5590 | V59: 223167009255 | X59: 166702185000 | Z59: =X59/$Z$69 -> 0.022829733
B60: کشتیرانی دریای خزر | D60: 0 | F60: 0 | H60: 0 | J60: 20000000 | L60: 51445711257 | N60: 0 | P60: 0 | R60: 20000000 | T60: 2719 | V60: 51445711257 | X60: 54056439000 | Z60: =X60/$Z$69 -> 0.0074029867
B61: سرمایه‌ گذاری‌ آتیه‌ دماوند | D61: 0 | F61: 0 | H61: 0 | J61: 42000000 | L61: 168550341611 | N61: 0 | P61: 0 | R61: 42000000 | T61: 4128 | V61: 168550341611 | X61: 172344412800 | Z61: =X61/$Z$69 -> 0.023602432
B62: سرمایه گذاری توسعه گوهران امید | D62: 0 | F62: 0 | H62: 0 | J62: 94429 | L62: 324037299 | N62: -94429 | P62: 314925979 | R62: 0 | T62: 0 | V62: 0 | X62: -6 | Z62: =X62/$Z$69 -> -8.2169527e-13
B63: ایران‌ ترانسفو | D63: 0 | F63: 0 | H63: 0 | J63: 14000000 | L63: 46226459745 | N63: -8400000 | P63: 29645764472 | R63: 5600000 | T63: 3735 | V63: 18490583894 | X63: 20791549800 | Z63: =X63/$Z$69 -> 0.0028473864
B64: تایدواترخاورمیانه | D64: 0 | F64: 0 | H64: 0 | J64: 31000000 | L64: 194868718120 | N64: -1000000 | P64: 6513037236 | R64: 30000000 | T64: 6770 | V64: 188582630437 | X64: 201891555000 | Z64: =X64/$Z$69 -> 0.027648889
B65: گروه مالی صبا تامین | D65: 0 | F65: 0 | H65: 0 | I65: 703787.4 | J65: 70000000 | L65: 199449742480 | N65: 0 | P65: 0 | R65: 70000000 | T65: 3235 | V65: 199449742480 | X65: 225102622500 | Z65: =X65/$Z$69 -> 0.030827627
B66: جمع | D66: =SUM(D9:D65) -> 1180257234 | E66: =SUM(E9:E65) -> 0 | F66: =SUM(F9:F65) -> 5650171043405 | G66: =SUM(G9:G65) -> 0 | H66: =SUM(H9:H65) -> 5.1678049e+12 | I66: =SUM(I9:I65) -> 7.6115207e+12 | J66: =SUM(J9:J65) -> 698291177 | K66: =SUM(K9:K65) -> 0 | ... S66: =SUM(S9:S65) -> 0 | T66: - | U66: =SUM(U9:U65) -> 0 | V66: =SUM(V9:V65) -> 6478262394668 | W66: =SUM(W9:W65) -> 0 | X66: =SUM(X9:X65) -> 6.953575e+12 | Y66: =SUM(Y9:Y65) -> 0 | Z66: =SUM(Z9:Z65) -> 0.95228662
Z69: 7301977015159

Sheet اوراق تبعی
B1: =' سهام'!B1:Z1 -> صندوق سرمایه گذاری شاخص سی شرکت بزرگ فیروزه
B2: صورت وضعیت پرتفوی
B3: =' سهام'!AC6 -> برای ماه منتهی به 1404/07/30
B4: اطلاعات آماری مرتبط با اوراق اختیار فروش تبعی خریداری شده توسط صندوق سرمایه گذاری:
D6: =' سهام'!AC4 -> 1404/06/31 | L6: =' سهام'!AC5 -> 1404/07/30
B7: نام سهام | D7: تعداد اوراق تبعی | F7: قیمت اعمال | H7: تاریخ اعمال | J7: نرخ سود مؤثر | L7: تعداد اوراق تبعی | N7: قیمت اعمال | P7: تاریخ اعمال | R7: نرخ سود مؤثر
D8: - | F8: - | H8: - | J8: 0 | L8: 0 | N8: - | P8: - | R8: 0
D9: =SUM(D8) -> 0 | F9: =SUM(F8) -> 0 | H9: ..... | J9: ..... | L9: =SUM(L8) -> 0 | N9: =SUM(N8) -> 0 | P9: ..... | R9: .....

Sheet تعدیل قیمت
A1: =اوراق!B1 -> صندوق سرمایه گذاری شاخص سی شرکت بزرگ فیروزه
A2: صورت وضعیت پرتفوی
A3: =' سهام'!AC6 -> برای ماه منتهی به 1404/07/30
A4: اوراق بهاداری که ارزش آنها در تاریخ گزارش تعدیل شده
A5: (بر اساس دستورالعمل نحوه تعیین قیمت خرید و فروش اوراق بهادار در صندوق های سرمایه گذاری)
C6: =' سهام'!AC5 -> 1404/07/30
A7: نام اوراق بهادار | C7: تعداد | E7: قیمت پایانی | G7: قیمت تعدیل شده | I7: درصد تعدیل | K7: خالص ارزش فروش تعدیل شده | M7: دلیل تعدیل
C9: - | E9: - | G9: - | I9: - | K9: - | M9: -
C10: - | E10: - | G10: - | I10: - | K10: - | M10: -

Sheet گواهی سپرده
A1: ='تعدیل قیمت'!A1:P1 -> صندوق سرمایه گذاری شاخص سی شرکت بزرگ فیروزه
A2: صورت وضعیت پرتفوی
A3: =' سهام'!AC6 -> برای ماه منتهی به 1404/07/30
A4: 4-1- سرمایه‌گذاری در گواهی سپرده‌ بانکی
K6: =' سهام'!AC4 -> 1404/06/31 | Q6: تغییرات طی دوره | W6: =' سهام'!AC5 -> 1404/07/30
A7: گواهی سپرده بانکی | C7: تاریخ سررسید | E7: نرخ سود علی الحساب | G7: نرخ شکست | I7: پذیرفته شده در بورس یا فرابورس | K7: تعداد | M7: بهای تمام شده | O7: خالص ارزش | Q7: خرید طی دوره | T7: فروش طی دوره | W7: تعداد | Y7: بهای تمام شده | AA7: خالص ارزش | AC7: درصد به کل
O8: فروش | Q8: تعداد | R8: بهای تمام شده | T8: تعداد | U8: مبلغ فروش | AA8: فروش | AC8: دارایی‌ها
A9: گواهی سپرده بانکی نزد بانک ..... | C9: ..... | E9: ..... | G9: ..... | I9: ..... | K9: ..... | M9: ..... | O9: ..... | Q9: ..... | R9: ..... | T9: ..... | U9: ..... | W9: ..... | Y9: ..... | AA9: ..... | AC9: .....
A10: جمع | C10: ..... | E10: ..... | G10: ..... | I10: ..... | K10: ..... | M10: ..... | O10: ..... | Q10: ..... | R10: ..... | T10: ..... | U10: ..... | W10: ..... | Y10: ..... | AA10: ..... | AC10: .....

Sheet اوراق
B1: =' سهام'!B1:Z1 -> صندوق سرمایه گذاری شاخص سی شرکت بزرگ فیروزه
B2: صورت وضعیت پرتفوی
B3: =' سهام'!AC6 -> برای ماه منتهی به 1404/07/30
B4: 2-1-سرمایه‌گذاری در اوراق بهادار با درآمد ثابت یا علی‌الحساب
B6: اطلاعات اوراق بهادار با درآمد ثابت | Q6: =' سهام'!AC4 -> 1404/06/31 | W6: تغییرات طی دوره | AE6: =' سهام'!AC5 -> 1404/07/30
B7: نام اوراق | D7: دارای مجوز از سازمان | F7: پذیرفته شده در بورس یا فرابورس | H7: تاریخ انتشار اوراق | J7: تاریخ سررسید | M7: نرخ سود اسمی | O7: نرخ سود مؤثر | Q7: تعداد | S7: بهای تمام شده | U7: خالص ارزش فروش | W7: خرید طی دوره | AA7: فروش طی دوره | AE7: تعداد | AG7: قیمت بازار هر ورقه | AI7: بهای تمام شده | AK7: خالص ارزش فروش | AM7: درصد به کل دارایی‌ها
W8: تعداد | Y8: بهای تمام شده | AA8: تعداد | AC8: مبلغ فروش
B9: جمع | M9: - | Q9: 0 | S9: 0 | U9: 0 | W9: 0 | Y9: 0 | AA9: 0 | AC9: 0 | AE9: 0 | AG9: 0 | AI9: 0 | AK9: 0 | AM9: 0

Sheet سپرده
B1: صندوق سرمایه گذاری شاخص سی شرکت بزرگ فیروزه
B2: صورت وضعیت پرتفوی
B3: =' سهام'!AC6 -> برای ماه منتهی به 1404/07/30
B4: 3-1- سرمایه‌گذاری در سپرده‌ بانکی | AC4: 1404/02/31
AC5: 1404/03/31
D6: =' سهام'!AC4 -> 1404/06/31 | N6: تغییرات طی دوره | R6: =' سهام'!AC5 -> 1404/07/30 | AC6: برای ماه منتهی به 1404/03/31
B7: سپرده های بانکی | D7: شماره حساب | F7: نوع سپرده | H7: تاریخ افتتاح حساب | J7: نرخ سود علی الحساب | L7: مبلغ | N7: افزایش | P7: کاهش | R7: مبلغ | T7: درصد به کل دارایی‌ها | AC7: طی خرداد ماه
AC8: از ابتدای سال مالی تا پایان خرداد ماه
B9: حساب جاری بانک خاورمیانه مهستان | D9: 1005-11-040-00030030-1 | F9: حساب جاری | H9: 1393/04/25 | J9: 0 | L9: 50000000 | N9: 0 | P9: 0 | R9: 50000000 | T9: =R9/$T$14 -> 6.8474606e-06
B10: سپرده کوتاه مدت بانک خاورمیانه مهستان | D10: 1005-10-810-00030030-1 | F10: سپرده کوتاه مدت | H10: 1393/04/25 | J10: 0 | L10: 13911669 | N10: 3845901082506 | P10: 3845860637528 | R10: 54356647 | T10: =R10/$T$14 -> 7.4441e-06
B11: سپرده کوتاه مدت بانک گردشگری سعادت آباد | D11: 132.9967.1490777.1 | F11: سپرده کوتاه مدت | H11: 1402/06/19 | J11: 0 | L11: 473743783 | N11: 1480496691485 | P11: 1480930675000 | R11: 39760268 | T11: =R11/$T$14 -> 5.4451374e-06
B12: جمع | L12: =SUM(L9:L11) -> 537655452 | N12: =SUM(N9:N11) -> 5326397773991 | P12: =SUM(P9:P11) -> 5326791312528 | R12: =SUM(R9:R11) -> 144116915 | T12: =SUM(T9:T11) -> 1.9736698e-05
T14: 7301977015159

Sheet درآمدها
A1: صندوق سرمایه گذاری شاخص سی شرکت بزرگ فیروزه
A2: =سپرده!B2 -> صورت وضعیت پرتفوی
A3: =سپرده!B3 -> برای ماه منتهی به 1404/07/30
AC4: 1404/02/31
B5: شرح | D5: یادداشت | F5: مبلغ | H5: درصد از کل درآمدها | J5: درصد از کل دارایی ها | AC5: برای ماه منتهی به 1404/03/31
B6: درآمد حاصل از سرمایه گذاری در سهام و حق تقدم سهام | D6: 1-2 | F6: ='درآمد سرمایه گذاری در سهام '!T117 -> 824380889553 | H6: =F6/$H$12 -> 0.91226279 | J6: =F6/M8 -> 0.11289831 | AC6: طی خرداد ماه
B7: سود اوراق بهادار با درآمد ثابت و سپرده بانکی | D7: 3-2 | F7: ='درآمد سپرده بانکی'!J11 -> 19500124650 | H7: =F7/$H$12 -> 0.021578907 | J7: =F7/M8 -> 0.0026705267
B8: سایر درآمدها | D8: 4-2 | F8: ='سایر درآمدها'!F8 -> 4225976593 | H8: =F8/$H$12 -> 0.0046764806 | J8: =F8/M8 -> 0.00057874417 | M8: 7301977015159
B9: جمع | F9: =SUM(F6:F8) -> 848106990796 | H9: =SUM(H6:H8) -> 0.93851818 | J9: =SUM(J6:J8) -> 0.11614758
H12: 903666021073

Sheet درآمد سرمایه گذاری در سهام 
B1: =درآمدها!A1 -> صندوق سرمایه گذاری شاخص سی شرکت بزرگ فیروزه
B2: صورت وضعیت درآمدها
B3: =' سهام'!AC6 -> برای ماه منتهی به 1404/07/30
AC4: 1404/02/31
B5: 1-2-درآمد حاصل از سرمایه گذاری در سهام و حق تقدم سهام: | AC5: 1404/03/31
AC6: برای ماه منتهی به 1404/03/31
D7: =' سهام'!AC7 -> طی مهر ماه | N7: =' سهام'!AC8 -> از ابتدای سال مالی تا پایان مهر ماه | AC7: طی خرداد ماه
B8: سهام | D8: درآمد سود سهام | F8: درآمد تغییر ارزش | H8: درآمد فروش | J8: جمع | N8: درآمد سود سهام | P8: درآمد تغییر ارزش | R8: درآمد فروش | T8: جمع | AC8: از ابتدای سال مالی تا پایان خرداد ماه
D10: یادداشت 2-1-1 | F10: یادداشت 2-1-2 | H10: یادداشت 2-1-3 | J10: مبلغ | L10: درصد از کل درآمد ها | N10: یادداشت 2-1-1 | P10: یادداشت 2-1-2 | R10: یادداشت 2-1-3 | T10: مبلغ | V10: درصد از کل درآمد ها
B11: سرمایه‌گذاری‌صندوق‌بازنشستگی‌ | D11: 0 | F11: 34506314479 | H11: -7702229175 | J11: =H11+F11+D11 -> 26804085304 | L11: =-J11/$G$126 -> 0.03648363 | N11: 33460000000 | P11: -102743099037 | R11: -19299860645 | S11: -714562636 | T11: =N11+P11+R11 -> -88582959682 | U11: 11071728389 | V11: =T11/$X$12 -> -0.098026215
B12: شمش طلا CD1GOB0001 | D12: 0 | F12: 0 | H12: 91895554026 | J12: =H12+F12+D12 -> 91895554026 | L12: =-J12/$G$126 -> 0.12508106 | N12: 0 | P12: 0 | R12: 91895554026 | S12: -4741243411 | T12: =N12+P12+R12 -> 91895554026 | U12: 11071728390 | V12: =T12/$X$12 -> 0.10169194 | X12: 903666021073
B13: مبین انرژی خلیج فارس | D13: 0 | F13: 35063455505 | H13: 1043693046 | J13: =H13+F13+D13 -> 36107148551 | L13: =-J13/$G$126 -> 0.049146233 | N13: 22230000000 | P13: 36295544740 | R13: 53211014961 | S13: -3385001208 | T13: =N13+P13+R13 -> 111736559701 | U13: 11071728391 | V13: =T13/$X$12 -> 0.12364807
B14: صنایع پتروشیمی خلیج فارس | D14: 39350557839 | F14: 65917976946 | H14: -19821294 | J14: =H14+F14+D14 -> 105248713491 | L14: =-J14/$G$126 -> 0.14325634 | N14: 39350557839 | P14: 37416241612 | R14: -423765184 | S14: -2880009787 | T14: =N14+P14+R14 -> 76343034267 | U14: 11071728392 | V14: =T14/$X$12 -> 0.08448147
B15: فولاد مبارکه اصفهان | D15: 0 | F15: 28990816668 | H15: -5399783501 | J15: =H15+F15+D15 -> 23591033167 | L15: =-J15/$G$126 -> 0.032110274 | N15: 5600000000 | P15: -4567072112 | R15: -12135193293 | S15: -664891573 | T15: =N15+P15+R15 -> -11102265405 | U15: 11071728393 | V15: =T15/$X$12 -> -0.012285806
B16: پالایش نفت بندرعباس | D16: 0 | F16: 56104234159 | H16: 968567403 | J16: =H16+F16+D16 -> 57072801562 | L16: =-J16/$G$126 -> 0.077683044 | N16: 22491899048 | P16: 63245168576 | R16: 1330309687 | S16: -2538727106 | T16: =N16+P16+R16 -> 87067377311 | U16: 11071728394 | V16: =T16/$X$12 -> 0.096349066
B17: اقتصادی و خودکفایی آزادگان | D17: 0 | F17: 0 | H17: -23801494330 | J17: =H17+F17+D17 -> -23801494330 | L17: =-J17/$G$126 -> -0.032396737 | N17: 9013568521 | P17: 0 | R17: -22038903430 | S17: -5759026841 | T17: =N17+P17+R17 -> -13025334909 | U17: 11071728395 | V17: =T17/$X$12 -> -0.014413881
B18: بانک خاورمیانه | D18: 0 | F18: 3916490268 | H18: -95501806 | J18: =H18+F18+D18 -> 3820988462 | L18: =-J18/$G$126 -> 0.0052008314 | N18: 1500000000 | P18: 585532009 | R18: 9771719601 | S18: -2808202366 | T18: =N18+P18+R18 -> 11857251610 | U18: 11071728392 | V18: =T18/$X$12 -> 0.013121276
B19: سرمایه گذاری سبحان | D19: 11107223327 | F19: 3341523998 | H19: 68135853 | J19: =H19+F19+D19 -> 14516883178 | L19: =-J19/$G$126 -> 0.019759249 | N19: 11107223327 | P19: 5554046683 | R19: -596755720 | S19: 18700109240 | T19: =N19+P19+R19 -> 16064514290 | U19: 11071728393 | V19: =T19/$X$12 -> 0.017777048
B20: سیمان باقران | D20: 0 | F20: 0 | H20: 33823218153 | J20: =H20+F20+D20 -> 33823218153 | L20: =-J20/$G$126 -> 0.046037526 | N20: 0 | P20: 0 | R20: 33823218153 | S20: 8828197833 | T20: =N20+P20+R20 -> 33823218153 | U20: 11071728394 | V20: =T20/$X$12 -> 0.037428892
B21: معدنی‌وصنعتی‌چادرملو | D21: 0 | F21: 7500816264 | H21: -118411507 | J21: =H21+F21+D21 -> 7382404757 | L21: =-J21/$G$126 -> 0.010048353 | N21: 5051163390 | P21: -725656424 | R21: 1594153716 | S21: -40082741567 | T21: =N21+P21+R21 -> 5919660682 | U21: 11071728395 | V21: =T21/$X$12 -> 0.0065507173
B22: پتروشیمی پردیس | D22: 0 | F22: 49745408315 | H22: 585045192 | J22: =H22+F22+D22 -> 50330453507 | L22: =-J22/$G$126 -> 0.068505886 | N22: 55406125166 | P22: 19140478473 | R22: 2020709172 | S22: 466959920 | T22: =N22+P22+R22 -> 76567312811 | U22: 11071728396 | V22: =T22/$X$12 -> 0.084729658
B23: تایدواترخاورمیانه | D23: 0 | F23: 13308924562 | H23: 226949553 | J23: =H23+F23+D23 -> 13535874115 | L23: =-J23/$G$126 -> 0.018423976 | N23: 0 | P23: 13308924562 | R23: 226949553 | S23: -102059379029 | T23: =N23+P23+R23 -> 13535874115 | U23: 11071728398 | V23: =T23/$X$12 -> 0.014978846
B24: سرمایه‌گذاری‌نیرو | D24: 0 | F24: 0 | H24: -17593967988 | J24: =H24+F24+D24 -> -17593967988 | L24: =-J24/$G$126 -> -0.023947536 | N24: 480000000 | P24: 0 | R24: -17593967988 | S24: -11597631470 | T24: =N24+P24+R24 -> -17113967988 | U24: 11071728399 | V24: =T24/$X$12 -> -0.018938377
... B34: کشتیرانی جمهوری اسلامی ایران | D34: 35913654618 | F34: -2565905117 | H34: -8516276149 | J34: =H34+F34+D34 -> 24831473352 | L34: =-J34/$G$126 -> 0.033798664 | N34: 35913654618 | P34: -55579739338 | R34: -8831107891 | S34: 8613312174 | T34: =N34+P34+R34 -> -28497192611 | U34: -5155830312 | V34: =T34/$X$12 -> -0.031535094
B35: نقل به صفحه بعد | D35: =SUM(D11:D34) -> 140124812179 | F35: =SUM(F11:F34) -> 585249909205 | H35: =SUM(H11:H34) -> 75066087069 | J35: =SUM(J11:J34) -> 800440808453 | L35: =SUM(L11:L34) -> 1.0894976 | N35: =SUM(N11:N34) -> 370458196563 | P35: =SUM(P11:P34) -> 24921371727 | R35: =SUM(R11:R34) -> 112599651272 | T35: =SUM(T11:T34) -> 507979219562 | V35: =SUM(V11:V34) -> 0.56213159
B37: 1-2-درآمد حاصل از سرمایه گذاری در سهام و حق تقدم سهام:
D39: =D7 -> طی مهر ماه | N39: =N7 -> از ابتدای سال مالی تا پایان مهر ماه
B40: سهام | D40: درآمد سود سهام | F40: درآمد تغییر ارزش | H40: درآمد فروش | J40: جمع | N40: درآمد سود سهام | P40: درآمد تغییر ارزش | R40: درآمد فروش | T40: جمع
D42: یادداشت 2-1-1 | F42: یادداشت 2-1-2 | H42: یادداشت 2-1-3 | J42: مبلغ | L42: درصد از کل درآمد ها | N42: یادداشت 2-1-1 | P42: یادداشت 2-1-2 | R42: یادداشت 2-1-3 | T42: مبلغ | V42: درصد از کل درآمد ها
B43: نقل از صفحه قبل | D43: =D35 -> 140124812179 | F43: =F35 -> 585249909205 | H43: =H35 -> 75066087069 | J43: =J35 -> 800440808453 | L43: =L35 -> 1.0894976 | N43: =N35 -> 370458196563 | P43: =P35 -> 24921371727 | R43: =R35 -> 112599651272 | T43: =T35 -> 507979219562 | V43: =V35 -> 0.56213159
B44: سرمایه گذاری صدرتامین | D44: 0 | F44: 33538786297 | H44: -25788552021 | J44: =D44+F44+H44 -> 7750234276 | L44: =-J44/$G$126 -> 0.010549014 | N44: 19372738239 | P44: -3961174080 | R44: -65871293588 | S44: 2132299511 | T44: =N44+P44+R44 -> -50459729429 | U44: -5155830311 | V44: =T44/$X$12 -> -0.055838914
B45: پتروشیمی پارس | D45: 0 | F45: 44937977526 | H45: -16923777790 | J45: =D45+F45+H45 -> 28014199736 | L45: =-J45/$G$126 -> 0.038130743 | N45: 12000000000 | P45: -39312811066 | R45: -22682804631 | S45: 1644814375 | T45: =N45+P45+R45 -> -49995615697 | U45: -5155830310 | V45: =T45/$X$12 -> -0.055325324
B46: توسعه‌معادن‌وفلزات‌ | D46: 0 | F46: 48244237187 | H46: 15414195211 | J46: =D46+F46+H46 -> 63658432398 | L46: =-J46/$G$126 -> 0.086646891 | N46: 2573504011 | P46: 48243498617 | R46: 6538671124 | S46: -8875524087 | T46: =N46+P46+R46 -> 57355673752 | U46: -803317139 | V46: =T46/$X$12 -> 0.06346999
B47: صنعتی مینو | D47: 0 | F47: 0 | H47: -688165672 | J47: =D47+F47+H47 -> -688165672 | L47: =-J47/$G$126 -> -0.00093667742 | N47: 7300000000 | P47: 0 | R47: 3171109669 | S47: 1487118809 | T47: =N47+P47+R47 -> 10471109669 | U47: -38274340413 | V47: =T47/$X$12 -> 0.011587367
B48: جنرال مکانیک | D48: 0 | F48: 0 | H48: 0 | J48: =D48+F48+H48 -> 0 | L48: =-J48/$G$126 -> 0 | N48: 0 | P48: 0 | R48: -14922689397 | S48: 3859275341 | T48: =N48+P48+R48 -> -14922689397 | U48: 8687840 | V48: =T48/$X$12 -> -0.016513501
B49: پتروشیمی جم | D49: 0 | F49: 7753590 | H49: 0 | J49: =D49+F49+H49 -> 7753590 | L49: =-J49/$G$126 -> 1.0553582e-05 | N49: 14534167200 | P49: -25232694 | R49: -102059379029 | S49: 1937265303 | T49: =N49+P49+R49 -> -87550444523 | U49: -3013924119 | V49: =T49/$X$12 -> -0.09688363
B50: پویا | D50: 0 | F50: 139166999 | H50: 0 | J50: =D50+F50+H50 -> 139166999 | L50: =-J50/$G$126 -> 0.00018942326 | N50: 235000000 | P50: 400164199 | R50: 415651628 | S50: 1212931406 | T50: =N50+P50+R50 -> 1050815827 | U50: -5189228345 | V50: =T50/$X$12 -> 0.0011628365
B51: مخابرات ایران | D51: 0 | F51: 85488 | H51: 0 | J51: =D51+F51+H51 -> 85488 | L51: =-J51/$G$126 -> 1.163596e-07 | N51: 0 | P51: -13170 | R51: 5021464603 | S51: 6910941668 | T51: =N51+P51+R51 -> 5021451433 | U51: 3261876929 | V51: =T51/$X$12 -> 0.0055567558
B52: پتروشیمی مارون | D52: 0 | F52: 0 | H52: 0 | J52: =D52+F52+H52 -> 0 | L52: =-J52/$G$126 -> 0 | N52: 0 | P52: 0 | R52: -4485653237 | S52: 151419925 | T52: =N52+P52+R52 -> -4485653237 | U52: 2910175062 | V52: =T52/$X$12 -> -0.0049638397
B53: معدنکاران نسوز | D53: 0 | F53: 808908187 | H53: 0 | J53: =D53+F53+H53 -> 808908187 | L53: =-J53/$G$126 -> 0.0011010227 | N53: 262500000 | P53: 1200315357 | R53: 872060105 | S53: 31387040 | T53: =N53+P53+R53 -> 2334875462 | U53: 1401330331 | V53: =T53/$X$12 -> 0.0025837814
B54: سیمان‌ تهران‌ | D54: 0 | F54: 0 | H54: 0 | J54: =D54+F54+H54 -> 0 | L54: =-J54/$G$126 -> 0 | N54: 0 | P54: 0 | R54: 24578982239 | S54: 1762590900 | T54: =N54+P54+R54 -> 24578982239 | U54: -160980321 | V54: =T54/$X$12 -> 0.027199188
B55: کانی کربن طبس | D55: 0 | F55: 0 | H55: 0 | J55: =D55+F55+H55 -> 0 | L55: =-J55/$G$126 -> 0 | N55: 0 | P55: 0 | R55: 273616390 | S55: 2476602308 | T55: =N55+P55+R55 -> 273616390 | U55: -12553533323 | V55: =T55/$X$12 -> 0.00030278486
... B60: بیمه اتکایی ایران معین | D60: 0 | F60: 33801079 | H60: 0 | J60: =D60+F60+H60 -> 33801079 | L60: =-J60/$G$126 -> 4.6007391e-05 | N60: 0 | P60: -55149172 | R60: 151419925 | S60: -314831742 | T60: =N60+P60+R60 -> 96270753 | U60: -273814835 | V60: =T60/$X$12 -> 0.00010653355
B61: پتروشیمی بوعلی سینا | D61: 0 | F61: 8161150 | H61: 0 | J61: =D61+F61+H61 -> 8161150 | L61: =-J61/$G$126 -> 1.1108321e-05 | N61: 8362000 | P61: -23956604 | R61: 31387040 | S61: -21899317781 | T61: =N61+P61+R61 -> 15792436 | V61: =T61/$X$12 -> 1.7475965e-05
B62: توسعه نیشکر و صنایع جانبی | D62: 0 | F62: 0 | H62: 0 | J62: =D62+F62+H62 -> 0 | L62: =-J62/$G$126 -> 0 | N62: 0 | P62: 0 | R62: 2476602308 | S62: 24903138035 | T62: =N62+P62+R62 -> 2476602308 | V62: =T62/$X$12 -> 0.0027406168
B63: فجر انرژی خلیج فارس | D63: 0 | F63: 0 | H63: 0 | J63: =D63+F63+H63 -> 0 | L63: =-J63/$G$126 -> 0 | N63: 11100000000 | P63: 0 | R63: -2831281270 | S63: -4335963253 | T63: =N63+P63+R63 -> 8268718730 | V63: =T63/$X$12 -> 0.0091501933
B64: پالایش نفت تبریز | D64: 0 | F64: 61332885000 | H64: 0 | J64: =D64+F64+H64 -> 61332885000 | L64: =-J64/$G$126 -> 0.083481538 | N64: 17790223729 | P64: 45746244757 | R64: -2808202366 | S64: 4030409699 | T64: =N64+P64+R64 -> 60728266120 | V64: =T64/$X$12 -> 0.067202113
B65: تولیدات پتروشیمی قائد بصیر | D65: 0 | F65: 0 | H65: 0 | J65: =D65+F65+H65 -> 0 | L65: =-J65/$G$126 -> 0 | N65: 0 | P65: 0 | R65: 2810738818 | S65: 97323992 | T65: =N65+P65+R65 -> 2810738818 | V65: =T65/$X$12 -> 0.0031103735
B66: صنایع ارتباطی آوا | D66: 0 | F66: 0 | H66: 0 | J66: =D66+F66+H66 -> 0 | L66: =-J66/$G$126 -> 0 | N66: 0 | P66: 0 | R66: 457681005 | S66: 29213444160 | T66: =N66+P66+R66 -> 457681005 | U66: 3621513060 | V66: =T66/$X$12 -> 0.00050647141
B67: کویر تایر | D67: 0 | F67: 0 | H67: 0 | J67: =D67+F67+H67 -> 0 | L67: =-J67/$G$126 -> 0 | N67: 0 | P67: 0 | R67: 599022178 | S67: -14922689397 | T67: =N67+P67+R67 -> 599022178 | U67: -9565440490 | V67: =T67/$X$12 -> 0.00066288005
B68: پتروشیمی نوری | D68: 0 | F68: 9970321500 | H68: 0 | J68: =D68+F68+H68 -> 9970321500 | L68: =-J68/$G$126 -> 0.013570824 | N68: 12240000000 | P68: 864823356 | R68: 11615770866 | S68: 415651628 | T68: =N68+P68+R68 -> 24720594222 | U68: 4529226482 | V68: =T68/$X$12 -> 0.027355897
B69: فولاد خوزستان | D69: 0 | F69: 0 | H69: 0 | J69: =D69+F69+H69 -> 0 | L69: =-J69/$G$126 -> 0 | N69: 0 | P69: 0 | R69: 28553005 | S69: 5021464603 | T69: =N69+P69+R69 -> 28553005 | U69: 1418971271 | V69: =T69/$X$12 -> 3.1596856e-05
B70: شرکت قند بیستون | D70: 0 | F70: 0 | H70: 0 | J70: =D70+F70+H70 -> 0 | L70: =-J70/$G$126 -> 0 | N70: 0 | P70: 0 | R70: 8613312174 | S70: -4485653237 | T70: =N70+P70+R70 -> 8613312174 | U70: -15221139573 | V70: =T70/$X$12 -> 0.0095315216
B71: بانک‌اقتصادنوین‌ | D71: 0 | F71: 19980405000 | H71: 0 | J71: =D71+F71+H71 -> 19980405000 | L71: =-J71/$G$126 -> 0.027195768 | N71: 8640000000 | P71: 12809540302 | R71: -2538727106 | S71: 872060105 | T71: =N71+P71+R71 -> 18910813196 | U71: -171239603 | V71: =T71/$X$12 -> 0.020926772
B72: نقل به صفحه بعد | D72: =SUM(D43:D71) -> 140124812179 | F72: =SUM(F43:F71) -> 816989230440 | H72: =SUM(H43:H71) -> 47079786797 | J72: =SUM(J43:J71) -> 1004193829416 | L72: =SUM(L43:L71) -> 1.3668303 | N72: =SUM(N43:N71) -> 484117011742 | P72: =SUM(P43:P71) -> 80915579305 | R72: =SUM(R43:R71) -> -38122809851 | T72: =SUM(T43:T71) -> 526909781196 | V72: =SUM(V43:V71) -> 0.58308022
B74: 1-2-درآمد حاصل از سرمایه گذاری در سهام و حق تقدم سهام:
D76: =D39 -> طی مهر ماه | N76: =N39 -> از ابتدای سال مالی تا پایان مهر ماه
B77: سهام | D77: درآمد سود سهام | F77: درآمد تغییر ارزش | H77: درآمد فروش | J77: جمع | N77: درآمد سود سهام | P77: درآمد تغییر ارزش | R77: درآمد فروش | T77: جمع
D79: یادداشت 2-1-1 | F79: یادداشت 2-1-2 | H79: یادداشت 2-1-3 | J79: مبلغ | L79: درصد از کل درآمد ها | N79: یادداشت 2-1-1 | P79: یادداشت 2-1-2 | R79: یادداشت 2-1-3 | T79: مبلغ | V79: درصد از کل درآمد ها
B80: نقل از صفحه قبل | D80: =D72 -> 140124812179 | F80: =F72 -> 816989230440 | H80: =H72 -> 47079786797 | J80: =J72 -> 1004193829416 | L80: =L72 -> 1.3668303 | N80: =N72 -> 484117011742 | P80: =P72 -> 80915579305 | R80: =R72 -> -38122809851 | T80: =T72 -> 526909781196 | V80: =V72 -> 0.58308022
B81: تولید انرژی برق شمس پاسارگاد | D81: 0 | F81: 0 | H81: 0 | J81: =D81+F81+H81 -> 0 | L81: =-J81/$G$126 -> 0 | N81: 0 | P81: 0 | R81: 573251852 | S81: 392427662 | T81: =N81+P81+R81 -> 573251852 | U81: -1542829471 | V81: =T81/$X$12 -> 0.00063436252
B82: بین المللی توسعه ص. معادن غدیر | D82: 0 | F82: 477144 | H82: 0 | J82: =D82+F82+H82 -> 477144 | L82: =-J82/$G$126 -> 6.4945118e-07 | N82: 0 | P82: -526843 | R82: -272463739 | S82: 1644814375 | T82: =N82+P82+R82 -> -272990582 | U82: 11922552996 | V82: =T82/$X$12 -> -0.00030209234
B83: آلومینای ایران | D83: 0 | F83: 0 | H83: 0 | J83: =D83+F83+H83 -> 0 | L83: =-J83/$G$126 -> 0 | N83: 0 | P83: 0 | R83: 2367231992 | S83: 3859275341 | T83: =N83+P83+R83 -> 2367231992 | U83: -267773567 | V83: =T83/$X$12 -> 0.0026195873
B84: گسترش‌سرمایه‌گذاری‌ایران‌خودرو | D84: 0 | F84: 0 | H84: 0 | J84: =D84+F84+H84 -> 0 | L84: =-J84/$G$126 -> 0 | N84: 0 | P84: 0 | R84: -4335963253 | S84: 1937265303 | T84: =N84+P84+R84 -> -4335963253 | U84: -133028242 | V84: =T84/$X$12 -> -0.0047981922
B85: مدیریت نیروگاهی ایرانیان مپنا | D85: 0 | F85: 0 | H85: 0 | J85: =D85+F85+H85 -> 0 | L85: =-J85/$G$126 -> 0 | N85: 0 | P85: 0 | R85: 4030409699 | S85: 1212931406 | T85: =N85+P85+R85 -> 4030409699 | U85: -2162615402 | V85: =T85/$X$12 -> 0.0044600656
B86: بانک پاسارگاد | D86: 0 | F86: 777347 | H86: 0 | J86: =D86+F86+H86 -> 777347 | L86: =-J86/$G$126 -> 1.0580641e-06 | N86: 0 | P86: 3221714 | R86: 97323992 | S86: 6910941668 | T86: =N86+P86+R86 -> 100545706 | U86: -1877733842 | V86: =T86/$X$12 -> 0.00011126423
B87: س. صنایع‌شیمیایی‌ایران | D87: 0 | F87: 0 | H87: 0 | J87: =D87+F87+H87 -> 0 | L87: =-J87/$G$126 -> 0 | N87: 0 | P87: 0 | R87: 29213444160 | S87: 151419925 | T87: =N87+P87+R87 -> 29213444160 | U87: -13627212560 | V87: =T87/$X$12 -> 0.0323277
B88: سایپا | D88: 0 | F88: 512929799 | H88: 0 | J88: =D88+F88+H88 -> 512929799 | L88: =-J88/$G$126 -> 0.00069816002 | N88: 0 | P88: 581821913 | R88: 466959920 | S88: 31387040 | T88: =N88+P88+R88 -> 1048781833 | U88: -6418415353 | V88: =T88/$X$12 -> 0.0011605857
B89: شیر و گوشت زاگرس شهرکرد | D89: 0 | F89: 0 | H89: 0 | J89: =D89+F89+H89 -> 0 | L89: =-J89/$G$126 -> 0 | N89: 11898029509 | P89: 0 | R89: -8852447210 | S89: 1762590900 | T89: =N89+P89+R89 -> 3045582299 | U89: -581258774 | V89: =T89/$X$12 -> 0.0033702521
B90: توسعه معادن وص.معدنی خاورمیانه | D90: 0 | F90: 486090 | H90: 0 | J90: =D90+F90+H90 -> 486090 | L90: =-J90/$G$126 -> 6.6162778e-07 | N90: 34000 | P90: -609269 | R90: -110542921 | S90: 2476602308 | T90: =N90+P90+R90 -> -111118190 | U90: -1440465917 | V90: =T90/$X$12 -> -0.00012296378
B91: ح . معدنی و صنعتی گل گهر | D91: 0 | F91: 0 | H91: 0 | J91: =D91+F91+H91 -> 0 | L91: =-J91/$G$126 -> 0 | N91: 0 | P91: 0 | R91: -2044819416 | S91: 9867221407 | T91: =N91+P91+R91 -> -2044819416 | U91: 1680299829 | V91: =T91/$X$12 -> -0.0022628044
B92: شهد ایران ‌ | D92: 0 | F92: 0 | H92: 0 | J92: =D92+F92+H92 -> 0 | L92: =-J92/$G$126 -> 0 | N92: 2400000000 | P92: 0 | R92: -6440726392 | S92: 872060105 | T92: =N92+P92+R92 -> -4040726392 | U92: -9895859202 | V92: =T92/$X$12 -> -0.004471482
... B102: بانک صادرات ایران | D102: 0 | F102: 0 | H102: 0 | J102: =D102+F102+H102 -> 0 | L102: =-J102/$G$126 -> 0 | N102: 1500000000 | P102: 0 | R102: -21899317781 | S102: 29213444160 | T102: =N102+P102+R102 -> -20399317781 | U102: -24909597740 | V102: =T102/$X$12 -> -0.022573957
B103: ایران‌ خودرو | D103: 0 | F103: 11422683171 | H103: 0 | J103: =D103+F103+H103 -> 11422683171 | L103: =-J103/$G$126 -> 0.015547665 | N103: 0 | P103: 2698580794 | R103: 8828197833 | S103: 0 | T103: =N103+P103+R103 -> 11526778627 | V103: =T103/$X$12 -> 0.012755574
B104: سیمان‌ شرق‌ | D104: 0 | F104: 0 | H104: 0 | J104: =D104+F104+H104 -> 0 | L104: =-J104/$G$126 -> 0 | N104: 0 | P104: 0 | R104: 24903138035 | S104: 0 | T104: =N104+P104+R104 -> 24903138035 | V104: =T104/$X$12 -> 0.0275579
B105: ایمن خودرو شرق | D105: 0 | F105: 0 | H105: 0 | J105: =D105+F105+H105 -> 0 | L105: =-J105/$G$126 -> 0 | N105: 700000000 | P105: 0 | R105: 2132299511 | S105: 0 | T105: =N105+P105+R105 -> 2832299511 | V105: =T105/$X$12 -> 0.0031342326
B106: نورایستا پلاستیک | D106: 0 | F106: 0 | H106: 0 | J106: =D106+F106+H106 -> 0 | L106: =-J106/$G$126 -> 0 | N106: 0 | P106: 0 | R106: 1644814375 | S106: 0 | T106: =N106+P106+R106 -> 1644814375 | V106: =T106/$X$12 -> 0.0018201574
B107: مهرمام میهن | D107: 0 | F107: 0 | H107: 0 | J107: =D107+F107+H107 -> 0 | L107: =-J107/$G$126 -> 0 | N107: 48175036 | P107: 0 | R107: 1487118809 | S107: 0 | T107: =N107+P107+R107 -> 1535293845 | V107: =T107/$X$12 -> 0.0016989616
B108: گروه‌بهمن‌ | D108: 0 | F108: 0 | H108: 0 | J108: =D108+F108+H108 -> 0 | L108: =-J108/$G$126 -> 0 | N108: 0 | P108: 0 | R108: 1937265303 | T108: =N108+P108+R108 -> 1937265303 | V108: =T108/$X$12 -> 0.0021437846
B109: سرمایه گذاری جامی | D109: 0 | F109: 0 | H109: 0 | J109: =D109+F109+H109 -> 0 | L109: =-J109/$G$126 -> 0 | N109: 0 | P109: 0 | R109: 1212931406 | T109: =N109+P109+R109 -> 1212931406 | V109: =T109/$X$12 -> 0.0013422342
B110: گروه س توسعه صنعتی ایران | D110: 0 | F110: 18668259000 | H110: 0 | J110: =D110+F110+H110 -> 18668259000 | L110: =-J110/$G$126 -> 0.025409778 | N110: 0 | P110: 11283324232 | R110: 6910941667 | T110: =N110+P110+R110 -> 18194265899 | V110: =T110/$X$12 -> 0.020133839
B111: فروشگاههای زنجیره ای افق کوروش | D111: 0 | F111: 413516993 | H111: 0 | J111: =D111+F111+H111 -> 413516993 | L111: =-J111/$G$126 -> 0.00056284707 | N111: 1160000 | P111: 416330155 | R111: 0 | T111: =N111+P111+R111 -> 417490155 | V111: =T111/$X$12 -> 0.00046199608
B112: توسعه سرمایه و صنعت غدیر | D112: 0 | F112: 7793351999 | H112: 0 | J112: =D112+F112+H112 -> 7793351999 | L112: =-J112/$G$126 -> 0.010607703 | N112: 0 | P112: -15915965876 | R112: 0 | T112: =N112+P112+R112 -> -15915965876 | V112: =T112/$X$12 -> -0.017612664
B113: ح .بیمه ایران - معین | D113: 0 | F113: 95728605 | H113: 0 | J113: =D113+F113+H113 -> 95728605 | L113: =-J113/$G$126 -> 0.00013029831 | N113: 0 | P113: 211686087 | R113: 0 | T113: =N113+P113+R113 -> 211686087 | V113: =T113/$X$12 -> 0.00023425257
B114: کشتیرانی دریای خزر | D114: 0 | F114: 2610727742 | H114: 0 | J114: =D114+F114+H114 -> 2610727742 | L114: =-J114/$G$126 -> 0.0035535189 | N114: 0 | P114: 2610727742 | R114: 0 | T114: =N114+P114+R114 -> 2610727742 | V114: =T114/$X$12 -> 0.0028890405
B115: سرمایه‌ گذاری‌ آتیه‌ دماوند | D115: 0 | F115: 3794071188 | H115: 0 | J115: =D115+F115+H115 -> 3794071188 | L115: =-J115/$G$126 -> 0.0051641937 | N115: 0 | P115: 3794071188 | R115: 0 | T115: =N115+P115+R115 -> 3794071188 | V115: =T115/$X$12 -> 0.0041985325
B116: گروه مالی صبا تامین | D116: 0 | F116: 25652880019 | H116: 0 | J116: =D116+F116+H116 -> 25652880019 | L116: =-J116/$G$126 -> 0.034916699 | N116: 0 | P116: 25652880019 | R116: 0 | S116: 0 | T116: =N116+P116+R116 -> 25652880019 | V116: =T116/$X$12 -> 0.028387567
B117: جمع | D117: =SUM(D80:D116) -> 140125388740 | F117: =SUM(F80:F116) -> 1149352814726 | H117: =SUM(H80:H116) -> 47079786797 | J117: =SUM(J80:J116) -> 1336557990263 | L117: =SUM(L80:L116) -> 1.8192185 | N117: =SUM(N80:N116) -> 557027855764 | P117: =SUM(P80:P116) -> 284641896690 | R117: =SUM(R80:R116) -> -17288862901 | T117: =SUM(T80:T116) -> 824380889553 | V117: =SUM(V80:V116) -> 0.91226279
C123: -141115264157
C124: 495943397
C125: 3262800118
C126: =C123-C124-C125 -> -144874007672 | G126: -734688013408
C127: =H117-C126 -> 191953794469

Sheet درآمد سود سهام
B1: =درآمدها!A1 -> صندوق سرمایه گذاری شاخص سی شرکت بزرگ فیروزه
B2: صورت وضعیت درآمدها
B3: =' سهام'!AC6 -> برای ماه منتهی به 1404/07/30
B4: 1-1-2-درآمد سود سهام | AK4: 1404/05/31
D5: اطلاعات مجمع | J5: =' سهام'!AC7 -> طی مهر ماه | P5: =' سهام'!AC8 -> از ابتدای سال مالی تا پایان مهر ماه | AI5: 1404/06/31
B6: نام سهام | D6: تاریخ مجمع | F6: تعداد سهام متعلقه در زمان مجمع | H6: سود متعلق به هر سهم | J6: جمع درآمد سود سهام | L6: هزینه تنزیل | N6: خالص درآمد سود سهام | P6: جمع درآمد سود سهام | R6: هزینه تنزیل | T6: خالص درآمد سود سهام | AI6: برای ماه منتهی به 1404/06/31
B7: بانک‌اقتصادنوین‌ | D7: 1404/04/22 | F7: 36000000 | H7: 240 | J7: 0 | L7: 0 | N7: 0 | P7: 8640000000 | R7: 0 | T7: =P7+R7 -> 8640000000
B8: گروه مپنا (سهامی عام) | D8: 1404/07/20 | F8: 1000 | H8: 620 | J8: 620000 | L8: -43439 | N8: 576561 | P8: 620000 | R8: -43439 | T8: =P8+R8 -> 576561
B9: سرمایه‌گذاری‌صندوق‌بازنشستگی‌ | D9: 1404/05/12 | F9: 14000000 | H9: 2390 | J9: 0 | L9: 0 | N9: 0 | P9: 33460000000 | R9: 0 | T9: =P9+R9 -> 33460000000
B10: ملی‌ صنایع‌ مس‌ ایران‌ | D10: 1404/04/31 | F10: 64000000 | H10: 370 | J10: 0 | L10: 0 | N10: 0 | P10: 23680000000 | R10: 0 | T10: =P10+R10 -> 23680000000
B11: سرمایه‌گذاری‌نیرو | D11: 1404/04/31 | F11: 10000000 | H11: 48 | J11: 0 | L11: 0 | N11: 0 | P11: 480000000 | R11: 0 | T11: =P11+R11 -> 480000000
B12: گروه مدیریت سرمایه گذاری امید | D12: 1404/02/30 | F12: 1000 | H12: 2320 | J12: 0 | L12: 0 | N12: 0 | P12: 2320000 | R12: 0 | T12: =P12+R12 -> 2320000
B13: کشتیرانی جمهوری اسلامی ایران | D13: 1404/07/15 | F13: 35000000 | H13: 1050 | J13: 36750000000 | L13: -836345382 | N13: 35913654618 | P13: 36750000000 | R13: -836345382 | T13: =P13+R13 -> 35913654618
B14: توسعه‌معادن‌وفلزات‌ | D14: 1404/04/29 | F14: 15449319 | H14: 170 | J14: 0 | L14: 0 | N14: 0 | P14: 2626384230 | R14: -52880219 | T14: =P14+R14 -> 2573504011
B15: پتروشیمی‌شیراز | D15: 1404/05/11 | F15: 6500000 | H15: 4984 | J15: 0 | L15: 0 | N15: 0 | P15: 32396000000 | R15: -307696065 | T15: =P15+R15 -> 32088303935
B16: پالایش نفت تبریز | D16: 1404/04/28 | F16: 9000000 | H16: 1997 | J16: 0 | L16: 0 | N16: 0 | P16: 17973000000 | R16: -182776271 | T16: =P16+R16 -> 17790223729
B17: پالایش نفت اصفهان | D17: 1404/04/30 | F17: 151800000 | H17: 360 | J17: 0 | L17: 0 | N17: 0 | P17: 54648000000 | R17: 0 | T17: =P17+R17 -> 54648000000 | AJ17: 1
B18: معدنی‌وصنعتی‌چادرملو | D18: 1404/04/23 | F18: 13383580 | H18: 380 | J18: 0 | L18: 0 | N18: 0 | P18: 5085760400 | R18: -34597010 | T18: =P18+R18 -> 5051163390
B19: معدنی و صنعتی گل گهر | D19: 1404/04/23 | F19: 5600000 | H19: 310 | J19: 0 | L19: 0 | N19: 0 | P19: 1736000000 | R19: -21142084 | T19: =P19+R19 -> 1714857916
B20: شهد ایران ‌ | D20: 1404/04/28 | F20: 6000000 | H20: 400 | J20: 0 | L20: 0 | N20: 0 | P20: 2400000000 | R20: 0 | T20: =P20+R20 -> 2400000000
B21: فولاد مبارکه اصفهان | D21: 1404/05/13 | F21: 20000000 | H21: 280 | J21: 0 | L21: 0 | N21: 0 | P21: 5600000000 | R21: 0 | T21: =P21+R21 -> 5600000000
B22: بانک ملت | D22: 1404/04/31 | F22: 35200000 | H22: 90 | J22: 0 | L22: 0 | N22: 0 | P22: 3168000000 | R22: 0 | T22: =P22+R22 -> 3168000000
B23: بانک تجارت | D23: 1404/04/31 | F23: 1000 | H23: 11 | J23: 0 | L23: 0 | N23: 0 | P23: 11000 | R23: 0 | T23: =P23+R23 -> 11000
B24: بانک صادرات ایران | D24: 1404/04/31 | F24: 100000000 | H24: 15 | J24: 0 | L24: 0 | N24: 0 | P24: 1500000000 | R24: 0 | T24: =P24+R24 -> 1500000000
B25: پالایش نفت بندرعباس | D25: 1404/05/08 | F25: 24655240 | H25: 936 | J25: 0 | L25: 0 | N25: 0 | P25: 23077304640 | R25: -585405592 | T25: =P25+R25 -> 22491899048
B26: پتروشیمی پردیس | D26: 1404/06/23 | F26: 1500000 | H26: 38000 | J26: 0 | L26: 0 | N26: 0 | P26: 57000000000 | R26: -1593874834 | T26: =P26+R26 -> 55406125166
B27: صنایع پتروشیمی خلیج فارس | D27: 1404/07/30 | F27: 90000000 | H27: 510 | J27: 45900000000 | L27: -6549442161 | N27: 39350557839 | P27: 45900000000 | R27: -6549442161 | T27: =P27+R27 -> 39350557839
B28: س. نفت و گاز و پتروشیمی تأمین | D28: 1404/06/26 | F28: 3800000 | H28: 2000 | J28: 0 | L28: 0 | N28: 0 | P28: 7600000000 | R28: 0 | T28: =P28+R28 -> 7600000000
B29: اقتصادی و خودکفایی آزادگان | D29: 1404/04/28 | F29: 14000000 | H29: 650 | J29: 0 | L29: 0 | N29: 0 | P29: 9100000000 | R29: -86431479 | T29: =P29+R29 -> 9013568521
... B50: پویا | D50: 1404/04/21 | F50: 100000 | H50: 2350 | J50: 0 | L50: 0 | N50: 0 | P50: 235000000 | R50: 0 | T50: =P50+R50 -> 235000000
B51: جمع | F51: =SUM(F7:F50) -> 1225612554 | J51: =SUM(J7:J50) -> 156830620000 | L51: =SUM(L7:L50) -> -16705231260 | N51: =SUM(N7:N50) -> 140125388740 | P51: =SUM(P7:P50) -> 579464625903 | R51: =SUM(R7:R50) -> -22436770139 | T51: =SUM(T7:T50) -> 557027855764 | AH51: از ابتدای سال مالی تا پایان مهر ماه
T54: =T51-'درآمد سرمایه گذاری در سهام '!N117 -> 0

Sheet درآمد ناشی از تغییر قیمت اوراق 
B1: ='درآمد ناشی ازفروش'!B1:R1 -> صندوق سرمایه گذاری شاخص سی شرکت بزرگ فیروزه
B2: صورت وضعیت درآمدها
B3: =' سهام'!AC6 -> برای ماه منتهی به 1404/07/30
B4: 2-1-2-درآمد ناشی از تغییر قیمت اوراق بهادار | AC4: 1404/02/31
D5: =' سهام'!AC7 -> طی مهر ماه | L5: =' سهام'!AC8 -> از ابتدای سال مالی تا پایان مهر ماه | AC5: 1404/03/31
B6: شرح | D6: تعداد | F6: خالص ارزش فروش | H6: ارزش دفتری | J6: سود و زیان ناشی از تغییر قیمت | L6: تعداد | N6: خالص ارزش فروش | P6: ارزش دفتری | R6: سود و زیان ناشی از تغییر قیمت | AC6: برای ماه منتهی به 1404/03/31
B7: کشت و دام گلدشت نمونه اصفهان | D7: 3000000 | F7: 16610575500 | H7: -11856521410 | J7: =F7+H7 -> 4754054090 | L7: 3000000 | N7: 16610575500 | P7: -18024621597 | R7: =N7+P7 -> -1414046097 | AC7: طی خرداد ماه
B8: گروه مپنا (سهامی عام) | D8: 1000 | F8: 13499199 | H8: -11640325 | J8: =F8+H8 -> 1858874 | L8: 1000 | N8: 13499199 | P8: -16437235 | R8: =N8+P8 -> -2938036 | AC8: از ابتدای سال مالی تا پایان خرداد ماه
B9: گسترش نفت و گاز پارسیان | D9: 3000000 | F9: 200907445500 | H9: -165035410140 | J9: =F9+H9 -> 35872035360 | L9: 3000000 | N9: 200907445500 | P9: -171542654628 | R9: =N9+P9 -> 29364790872
B10: پالایش نفت اصفهان | D10: 140000000 | F10: 681918300000 | H10: -483744492000 | J10: =F10+H10 -> 198173808000 | L10: 140000000 | N10: 681918300000 | P10: -522112581443 | R10: =N10+P10 -> 159805718557
B11: بانک ملت | D11: 163990997 | F11: 199530666695 | H11: -177781763886 | J11: 61958845030 | L11: 163990997 | N11: 199530666695 | P11: -181303122037 | R11: =N11+P11 -> 18227544658
B12: کشتیرانی جمهوری اسلامی ایران | D12: 30000000 | F12: 166702185000 | H12: -169268090117 | J12: =F12+H12 -> -2565905117 | L12: 30000000 | N12: 166702185000 | P12: -222281924338 | R12: =N12+P12 -> -55579739338
B13: توسعه سرمایه و صنعت غدیر | D13: 7000000 | F13: 105697336500 | H13: -97903984500 | J13: =F13+H13 -> 7793352000 | L13: 7000000 | N13: 105697336500 | P13: -121613302376 | R13: =N13+P13 -> -15915965876
B14: ایران‌ خودرو | D14: 119200000 | F14: 63037084320 | H14: -51614401149 | J14: =F14+H14 -> 11422683171 | L14: 119200000 | N14: 63037084320 | P14: -60338503525 | R14: =N14+P14 -> 2698580795
B15: سرمایه گذاری صدرتامین | D15: 2000000 | F15: 22067910000 | H15: 11470876297 | J15: =F15+H15 -> 33538786297 | L15: 2000000 | N15: 22067910000 | P15: -26029084080 | R15: =N15+P15 -> -3961174080
B16: بانک تجارت | D16: 1000 | F16: 465215 | H16: -389667 | J16: =F16+H16 -> 75548 | L16: 1000 | N16: 465215 | P16: -631828 | R16: =N16+P16 -> -166613
B17: معدنی و صنعتی گل گهر | D17: 1000 | F17: 2018915 | H17: -1646146 | J17: =F17+H17 -> 372769 | L17: 1000 | N17: 2018915 | P17: -2282542 | R17: =N17+P17 -> -263627
B18: سرمایه گذاری تامین اجتماعی | D18: 330000000 | F18: 407749369500 | H18: -380526821914 | J18: =F18+H18 -> 27222547586 | L18: 330000000 | N18: 407749369500 | P18: -522444578886 | R18: =N18+P18 -> -114695209386
B19: پتروشیمی‌شیراز | D19: 6000000 | F19: 214834086000 | H19: -185180792294 | J19: =F19+H19 -> 29653293706 | L19: 6000000 | N19: 214834086000 | P19: -221563793094 | R19: =N19+P19 -> -6729707094
B20: پتروشیمی جم | D20: 1000 | F20: 42942960 | H20: -35189370 | J20: =F20+H20 -> 7753590 | L20: 1000 | N20: 42942960 | P20: -68175654 | R20: =N20+P20 -> -25232694
B21: پویا | D21: 100000 | F21: 3002031000 | H21: -2862864000 | J21: =F21+H21 -> 139167000 | L21: 100000 | N21: 3002031000 | P21: -2601866800 | R21: =N21+P21 -> 400164200
B22: مخابرات ایران | D22: 1000 | F22: 470185 | H22: -384697 | J22: =F22+H22 -> 85488 | L22: 1000 | N22: 470185 | P22: -483356 | R22: =N22+P22 -> -13171
B23: سرمایه‌گذاری‌صندوق‌بازنشستگی‌ | D23: 12000000 | F23: 182507580000 | H23: -148001265521 | J23: =F23+H23 -> 34506314479 | L23: 12000000 | N23: 182507580000 | P23: -285250679037 | R23: =N23+P23 -> -102743099037
... B38: پالایش نفت تبریز | D38: 10000000 | F38: 236285685000 | H38: -174952800000 | J38: =F38+H38 -> 61332885000 | L38: 10000000 | N38: 236285685000 | P38: -190539440243 | R38: =N38+P38 -> 45746244757
B39: نقل به صفحه بعد | D39: =SUM(D7:D38) -> 1168760350 | F39: =SUM(F7:F38) -> 3353775110548 | H39: =SUM(H7:H38) -> -2737438182700 | J39: =SUM(J7:J38) -> 656546870069 | L39: =SUM(L7:L38) -> 1168760350 | N39: =SUM(N7:N38) -> 3353775110548 | P39: =SUM(P7:P38) -> -3354826985795 | R39: =SUM(R7:R38) -> -1051875247
B41: 2-1-2-درآمد ناشی از تغییر قیمت اوراق بهادار | AA41: 1404/02/31
D42: =D5 -> طی مهر ماه | L42: =L5 -> از ابتدای سال مالی تا پایان مهر ماه | AA42: 1404/03/31
B43: شرح | D43: تعداد | F43: خالص ارزش فروش | H43: ارزش دفتری | J43: سود و زیان ناشی از تغییر قیمت | L43: تعداد | N43: خالص ارزش فروش | P43: ارزش دفتری | R43: سود و زیان ناشی از تغییر قیمت | AA43: برای ماه منتهی به 1404/03/31
B44: نقل از صفحه قبل | D44: =D39 -> 1168760350 | F44: =F39 -> 3353775110548 | H44: =H39 -> -2737438182700 | J44: =J39 -> 656546870069 | L44: =L39 -> 1168760350 | N44: =N39 -> 3353775110548 | P44: =P39 -> -3354826985795 | R44: =R39 -> -1051875247
B45: سرمایه‌ گذاری‌ آتیه‌ دماوند | D45: 42000000 | F45: 172344412800 | H45: -168550341611 | J45: =F45+H45 -> 3794071189 | L45: 42000000 | N45: 172344412800 | P45: -168550341611 | R45: =N45+P45 -> 3794071189
B46: گروه مالی صبا تامین | D46: 70000000 | F46: 225102622500 | H46: -199449742480 | J46: =F46+H46 -> 25652880020 | L46: 70000000 | N46: 225102622500 | P46: -199449742480 | R46: =N46+P46 -> 25652880020
B47: مبین انرژی خلیج فارس | D47: 12000000 | F47: 153521082000 | H47: -118457626495 | J47: =F47+H47 -> 35063455505 | L47: 12000000 | N47: 153521082000 | P47: -117225537260 | R47: =N47+P47 -> 36295544740
B48: معدنکاران نسوز | D48: 175000 | F48: 8263040625 | H48: -7454132437 | J48: =F48+H48 -> 808908188 | L48: 175000 | N48: 8263040625 | P48: -7062725268 | R48: =N48+P48 -> 1200315357
B49: معدنی‌وصنعتی‌چادرملو | D49: 10000000 | F49: 25835359500 | H49: -18334543236 | J49: =F49+H49 -> 7500816264 | L49: 10000000 | N49: 25835359500 | P49: -26561015924 | R49: =N49+P49 -> -725656424
B50: پتروشیمی پردیس | D50: 1500000 | F50: 424807267500 | H50: -375061859184 | J50: =F50+H50 -> 49745408316 | L50: 1500000 | N50: 424807267500 | P50: -405666789026 | R50: =N50+P50 -> 19140478474
B51: بین المللی توسعه ص. معادن غدیر | D51: 1000 | F51: 3347960 | H51: -2870816 | J51: =F51+H51 -> 477144 | L51: 1000 | N51: 3347960 | P51: -3874804 | R51: =N51+P51 -> -526844
B52: تایدواترخاورمیانه | D52: 30000000 | F52: 201891555000 | H52: -188582630437 | J52: =F52+H52 -> 13308924563 | L52: 30000000 | N52: 201891555000 | P52: -188582630437 | R52: =N52+P52 -> 13308924563
B53: توسعه معادن وص.معدنی خاورمیانه | D53: 1000 | F53: 4267456 | H53: -3781366 | J53: =F53+H53 -> 486090 | L53: 1000 | N53: 4267456 | P53: -4876726 | R53: =N53+P53 -> -609270
B54: ایران‌ ترانسفو | D54: 5600000 | F54: 20791549800 | H54: -18490583894 | J54: =F54+H54 -> 2300965906 | L54: 5600000 | N54: 20791549800 | P54: -18490583894 | R54: =N54+P54 -> 2300965906
B55: پالایش نفت تهران | D55: 20000000 | F55: 57992877000 | H55: -31220991527 | J55: =F55+H55 -> 26771885473 | L55: 20000000 | N55: 57992877000 | P55: -49859918672 | R55: =N55+P55 -> 8132958328
B56: ملی‌ صنایع‌ مس‌ ایران‌ | D56: 78000000 | F56: 614859687000 | H56: -473763518770 | J56: =F56+H56 -> 141096168230 | L56: 78000000 | N56: 614859687000 | P56: -537055982202 | R56: =N56+P56 -> 77803704798
... B63: پالایش نفت بندرعباس | D63: 97600000 | F63: 400786645680 | H63: -344682411520 | J63: =F63+H63 -> 56104234160 | L63: 97600000 | N63: 400786645680 | P63: -337541477103 | R63: =N63+P63 -> 63245168577
B64: جمع | D64: =SUM(D44:D63) -> 1702688350 | F64: =SUM(F44:F63) -> 6953575027307 | H64: =SUM(H44:H63) -> -5804222212563 | J64: =SUM(J44:J63) -> 1189562756965 | L64: =SUM(L44:L63) -> 1702688350 | N64: =SUM(N44:N63) -> 6953575027307 | P64: =SUM(P44:P63) -> -6668933130617 | R64: =SUM(R44:R63) -> 284641896690
B66: ارزش دفتری برابر است با میانگین موزون خالص ارزش فروش هر سهم/ورقه در ابتدای دوره با خرید طی دوره ضربدر تعداد در پایان دوره

Sheet درآمد ناشی ازفروش
B1: ='سود اوراق بهادار و سپرده بانکی'!B1:U1 -> صندوق سرمایه گذاری شاخص سی شرکت بزرگ فیروزه
B2: صورت وضعیت درآمدها
B3: =' سهام'!B3:Z3 -> برای ماه منتهی به 1404/07/30
B4: 3-1-2-سود(زیان) حاصل از فروش اوراق بهادار | AC4: 1404/04/31
D5: =' سهام'!AC7 -> طی مهر ماه | L5: =' سهام'!AC8 -> از ابتدای سال مالی تا پایان مهر ماه | AC5: 1404/05/31
B6: شرح | D6: تعداد | F6: خالص بهای فروش | H6: ارزش دفتری | J6: سود و زیان ناشی از فروش | L6: تعداد | N6: خالص ارزش فروش | P6: ارزش دفتری | R6: سود و زیان ناشی از فروش | Z6: برای ماه منتهی به 1404/05/31
B7: سرمایه‌گذاری‌صندوق‌بازنشستگی‌ | D7: 900000 | F7: 13691571754 | H7: -21393800929 | J7: =F7+H7 -> -7702229175 | L7: 2802865 | N7: 47326625398 | P7: -66626486043 | R7: -19299860645 | Z7: طی مرداد ماه
B8: شمش طلا CD1GOB0001 | D8: 26228 | F8: 356337108208 | H8: -264441554182 | J8: =F8+H8 -> 91895554026 | L8: 26228 | N8: 356337108208 | P8: -264441554182 | R8: 91895554026 | Z8: از ابتدای سال مالی تا پایان مرداد ماه
B9: مبین انرژی خلیج فارس | D9: 700000 | F9: 7881849379 | H9: -6838156333 | J9: =F9+H9 -> 1043693046 | L9: 18700000 | N9: 225789917894 | P9: -172578902933 | R9: 53211014961
B10: صنایع پتروشیمی خلیج فارس | D10: 922576 | F10: 7065476177 | H10: -7085297471 | J10: =F10+H10 -> -19821294 | L10: 13323322 | N10: 101045993049 | P10: -101469758233 | R10: -423765184
B11: فولاد مبارکه اصفهان | D11: 32000000 | F11: 87647971297 | H11: -93047754798 | J11: =F11+H11 -> -5399783501 | L11: 72600000 | N11: 240328360008 | P11: -252463553301 | R11: -12135193293
B12: پالایش نفت بندرعباس | D12: 500000 | F12: 5892489043 | H12: -4923921640 | J12: =F12+H12 -> 968567403 | L12: 4302565 | N12: 41425685971 | P12: -40095376284 | R12: 1330309687
B13: اقتصادی و خودکفایی آزادگان | D13: 14000000 | F13: 71684704000 | H13: -95486198330 | J13: =F13+H13 -> -23801494330 | L13: 17003374 | N13: 93930456333 | P13: -115969359763 | R13: -22038903430
B14: بانک خاورمیانه | D14: 1000000 | F14: 2379415174 | H14: -2474916980 | J14: =F14+H14 -> -95501806 | L14: 44200000 | N14: 196760306682 | P14: -186988587081 | R14: 9771719601
B15: سرمایه گذاری سبحان | D15: 3000000 | F15: 6320238252 | H15: -6252102399 | J15: =F15+H15 -> 68135853 | L15: 15174770 | N15: 30826733623 | P15: -31423489343 | R15: -596755720
B16: سیمان باقران | D16: 2035713 | F16: 137755574821 | H16: -103932356668 | J16: =F16+H16 -> 33823218153 | L16: 2035713 | N16: 137755574821 | P16: -103932356668 | R16: 33823218153
B17: معدنی‌وصنعتی‌چادرملو | D17: 383580 | F17: 900415942 | H17: -1018827449 | J17: =F17+H17 -> -118411507 | L17: 45383580 | N17: 122137553243 | P17: -120543399527 | R17: 1594153716
D18: 50000 | F18: 14107271508 | H18: -13522226316 | J18: =F18+H18 -> 585045192 | L18: 350000 | N18: 93152434018 | P18: -91131724846 | R18: 2020709172
B19: تایدواترخاورمیانه | D19: 1000000 | F19: 6513037236 | H19: -6286087683 | J19: =F19+H19 -> 226949553 | L19: 1000000 | N19: 6513037236 | P19: -6286087683 | R19: 226949553
B20: سرمایه‌گذاری‌نیرو | D20: 10000000 | F20: 38860864777 | H20: -56454832765 | J20: =F20+H20 -> -17593967988 | L20: 10000000 | N20: 38860864777 | P20: -56454832765 | R20: -17593967988
B21: ایران‌ ترانسفو | D21: 8400000 | F21: 29645764472 | H21: -27735875851 | J21: =F21+H21 -> 1909888621 | L21: 8400000 | N21: 29645764472 | P21: -27735875851 | R21: 1909888621
B22: پالایش نفت تهران | D22: 35000000 | F22: 86160123469 | H22: -87254857723 | J22: =F22+H22 -> -1094734254 | L22: 55000000 | N22: 132981669393 | P22: -135431083585 | R22: -2449414192
B23: ملی‌ صنایع‌ مس‌ ایران‌ | D23: 3951 | F23: 23608739 | H23: -27173852 | J23: =F23+H23 -> -3565113 | L23: 7315384 | N23: 43619362067 | P23: -50587404808 | R23: -6968042741
B24: سرمایه گذاری تامین اجتماعی | D24: 7000000 | F24: 9861866649 | H24: -11082157736 | J24: =F24+H24 -> -1220291087 | L24: 42714631 | N24: 52289922024 | P24: -67081912554 | R24: -14791990530
B25: پتروشیمی‌شیراز | D25: 405319 | F25: 13961383517 | H25: -14969645299 | J25: =F25+H25 -> -1008261782 | L25: 705319 | N25: 22304178782 | P25: -26078961990 | R25: -3774783208
B26: کشت و دام گلدشت نمونه اصفهان | D26: 3000000 | F26: 16714268686 | H26: -18024621590 | J26: =F26+H26 -> -1310352904 | L26: 11018459 | N26: 64169317239 | P26: -66194232779 | R26: -2024915540
B27: سرمایه گذاری توسعه گوهران امید | D27: 94429 | F27: 314925979 | H27: -324037299 | J27: =F27+H27 -> -9111320 | L27: 94429 | N27: 314925979 | P27: -324037299 | R27: -9111320
B28: گسترش نفت و گاز پارسیان | D28: 1599800 | F28: 103343959710 | H28: -91477979619 | J28: =F28+H28 -> 11865980091 | L28: 3100000 | N28: 185741721982 | P28: -177260743099 | R28: 8480978883
B29: بانک ملت | D29: 6400000 | F29: 7648489552 | H29: -7075632211 | J29: =F29+H29 -> 572857341 | L29: 96000000 | N29: 185184855704 | P29: -165911889123 | R29: 19272966581
B30: کشتیرانی جمهوری اسلامی ایران | D30: 5000000 | F30: 28530711234 | H30: -37046987383 | J30: =F30+H30 -> -8516276149 | L30: 14369697 | N30: 105093650294 | P30: -113924758185 | R30: -8831107891
... B42: کانی کربن طبس | D42: 0 | F42: 0 | H42: 0 | J42: =F42+H42 -> 0 | L42: 250000 | N42: 3710544265 | P42: -3436927875 | R42: 273616390
B43: نقل به صفحه بعد | D43: =SUM(D7:D42) -> 241460061 | F43: =SUM(F7:F42) -> 1361410801049 | H43: =SUM(H7:H42) -> -1314331014252 | J43: =SUM(J7:J42) -> 47079786797 | L43: =SUM(L7:L42) -> 746630990 | N43: =SUM(N7:N42) -> 3703229336253 | P43: =SUM(P7:P42) -> -3759779949105 | R43: =SUM(R7:R42) -> -56550612852
B45: 3-1-2-سود(زیان) حاصل از فروش اوراق بهادار | Z45: 1404/02/31
D46: =D5 -> طی مهر ماه | L46: =L5 -> از ابتدای سال مالی تا پایان مهر ماه | Z46: 1404/03/31
B47: شرح | D47: تعداد | F47: خالص بهای فروش | H47: ارزش دفتری | J47: سود و زیان ناشی از فروش | L47: تعداد | N47: خالص ارزش فروش | P47: ارزش دفتری | R47: سود و زیان ناشی از فروش | X47: برای ماه منتهی به 1404/03/31
B48: نقل از صفحه قبل | D48: =D43 -> 241460061 | F48: =F43 -> 1361410801049 | H48: =H43 -> -1314331014252 | J48: =J43 -> 47079786797 | L48: =L43 -> 746630990 | N48: =N43 -> 3703229336253 | P48: =P43 -> -3759779949105 | R48: =R43 -> -56550612852
B49: شرکت قند بیستون | D49: 0 | F49: 0 | H49: 0 | J49: =F49+H49 -> 0 | L49: 358251 | N49: 6944992773 | P49: 6981910383 | R49: -36917610
B50: بانک‌اقتصادنوین‌ | D50: 0 | F50: 0 | H50: 0 | J50: =F50+H50 -> 0 | L50: 3250000 | N50: 4772600674 | P50: 4390650225 | R50: 381950449
B51: ایمن خودرو شرق | D51: 0 | F51: 0 | H51: 0 | J51: =F51+H51 -> 0 | L51: 4110000 | N51: 69935875826 | P51: 67901304925 | R51: 2034570901
B52: نورایستا پلاستیک | D52: 0 | F52: 0 | H52: 0 | J52: =F52+H52 -> 0 | L52: 8075370 | N52: 10863602652 | P52: 13421679968 | R52: -2558077316
B53: مهرمام میهن | D53: 0 | F53: 0 | H53: 0 | J53: =F53+H53 -> 0 | L53: 1062500 | N53: 2536492684 | P53: 2385072759 | R53: 151419925
B54: گروه‌بهمن‌ | D54: 0 | F54: 0 | H54: 0 | J54: =F54+H54 -> 0 | L54: 9000 | N54: 743971783 | P54: 712584743 | R54: 31387040
B55: سرمایه گذاری جامی | D55: 0 | F55: 0 | H55: 0 | J55: =F55+H55 -> 0 | L55: 285750 | N55: 16096789618 | P55: 13620187310 | R55: 2476602308
B56: گروه س توسعه صنعتی ایران | D56: 0 | F56: 0 | H56: 0 | J56: =F56+H56 -> 0 | L56: 4100000 | N56: 47787732830 | P56: 50619014100 | R56: -2831281270
B57: اخشان خراسان | D57: 0 | F57: 0 | H57: 0 | J57: =F57+H57 -> 0 | L57: 1736188 | N57: 30243266931 | P57: 33051469297 | R57: -2808202366
B58: گروه مپنا (سهامی عام) | D58: 0 | F58: 0 | H58: 0 | J58: =F58+H58 -> 0 | L58: 3000000 | N58: 40743955200 | P58: 37933216382 | R58: 2810738818
B59: ح . معدنی و صنعتی گل گهر | D59: 0 | F59: 0 | H59: 0 | J59: =F59+H59 -> 0 | L59: 250000 | N59: 2187328005 | P59: 1729647000 | R59: 457681005
B60: شهد ایران ‌ | D60: 0 | F60: 0 | H60: 0 | J60: =F60+H60 -> 0 | L60: 2293414 | N60: 12408221385 | P60: 11809199207 | R60: 599022178
... B94: معدنی و صنعتی گل گهر | D94: 0 | F94: 0 | H94: 0 | J94: =F94+H94 -> 0 | L94: 33018562 | N94: 60477350165 | P94: 53566408497 | R94: 6910941668
B95: جمع | D95: =SUM(D48:D94) -> 241460061 | F95: =SUM(F48:F94) -> 1361410801049 | H95: =SUM(H48:H94) -> -1314331014252 | J95: =SUM(J48:J94) -> 47079786797 | L95: =SUM(L48:L94) -> 1825008048 | N95: =SUM(N48:N94) -> 6075450288221 | P95: =SUM(P48:P94) -> -1426820747089 | R95: =SUM(R48:R94) -> -17288862901
R98: =R95-'درآمد سرمایه گذاری در سهام '!R117 -> 0

Sheet درآمد سرمایه گذاری در اوراق بها
A1: صندوق سرمایه‌گذاری صندوق شاخص سی شرکت بزرگ فیروزه
A2: صورت وضعیت درآمدها
A3: =' سهام'!AC6 -> برای ماه منتهی به 1404/07/30
B4: 2-2-درآمد حاصل از سرمایه گذاری در اوراق بهادار با درآمد ثابت:
C6: =' سهام'!AC7 -> طی مهر ماه | M6: =' سهام'!AC8 -> از ابتدای سال مالی تا پایان مهر ماه
C7: درآمد سود اوراق | E7: درآمد تغییر ارزش | G7: درآمد فروش | I7: جمع | M7: درآمد سود اوراق | O7: درآمد تغییر ارزش | Q7: درآمد فروش | R7: جمع
C9: یادداشت 2-2-1 | E9: یادداشت 2-1-2 | G9: یادداشت 3-1-2 | I9: مبلغ | K9: درصد از کل دارائیها | M9: یادداشت 2-2-1 | O9: یادداشت 2-1-2 | Q9: یادداشت 3-1-2 | R9: مبلغ | S9: درصد از کل دارائیها
B10: - | C10: 0 | D10: 0 | E10: 0 | F10: 0 | G10: 0 | H10: 0 | I10: 0 | J10: 0 | K10: 0 | L10: 0 | M10: 0 | N10: 0 | O10: 0 | P10: 875280 | Q10: 0 | R10: 0 | S10: =R10/S14 -> 0
B11: جمع | C11: =SUM(C10:C10) -> 0 | E11: =SUM(E10:E10) -> 0 | G11: =SUM(G10:G10) -> 0 | I11: =SUM(I10:I10) -> 0 | K11: =SUM(K10:K10) -> 0 | M11: =SUM(M10:M10) -> 0 | O11: =SUM(O10:O10) -> 0 | Q11: =SUM(Q10:Q10) -> 0 | R11: =SUM(R10:R10) -> 0 | S11: =SUM(S10:S10) -> 0
K14: 2807555599778 | S14: 2807555599778

Sheet سود اوراق بهادار و سپرده بانکی
B1: ='درآمد سود سهام'!B1:T1 -> صندوق سرمایه گذاری شاخص سی شرکت بزرگ فیروزه
B2: صورت وضعیت درآمدها
B3: =' سهام'!AC6 -> برای ماه منتهی به 1404/07/30
B4: 1-2-2-سود اوراق بهادار با درآمد ثابت و سپرده بانکی | AC4: 1404/06/31
G5: ابتدای دوره | K5: =' سهام'!AC7 -> طی مهر ماه | Q5: =' سهام'!AC8 -> از ابتدای سال مالی تا پایان مهر ماه | AC5: 1404/07/30
B6: شرح | C6: تاریخ دریافت سود | D6: تاریخ سررسید | E6: نرخ سود علی الحساب | G6: درآمد سود | I6: هزینه تنزیل | K6: درآمد سود | M6: هزینه تنزیل | O6: خالص درآمد | Q6: درآمد سود | S6: هزینه تنزیل | U6: خالص درآمد | AC6: برای ماه منتهی به 1404/07/30
B7: سپرده کوتاه مدت بانک خاورمیانه مهستان | H7: 0 | J7: 176683 | K7: 20096 | M7: 0 | O7: =K7+M7 -> 20096 | Q7: 104340 | S7: 0 | U7: =Q7+S7 -> 104340 | AC7: طی مهر ماه
B8: سپرده کوتاه مدت بانک گردشگری سعادت آباد | H8: 0 | J8: 2202729735 | K8: 3971033781 | M8: 0 | O8: =K8+M8 -> 3971033781 | Q8: 19500020310 | S8: 0 | U8: =Q8+S8 -> 19500020310 | AC8: از ابتدای سال مالی تا پایان مهر ماه
K9: =SUM(K7:K8) -> 3971053877 | O9: =SUM(O7:O8) -> 3971053877 | Q9: =SUM(Q7:Q8) -> 19500124650 | U9: =SUM(U7:U8) -> 19500124650

Sheet درآمد سپرده بانکی
B1: ='سود اوراق بهادار و سپرده بانکی'!B1:U1 -> صندوق سرمایه گذاری شاخص سی شرکت بزرگ فیروزه
B2: صورت وضعیت درآمدها
B3: =' سهام'!B3:Z3 -> برای ماه منتهی به 1404/07/30
B4: 3-2-درآمد حاصل از سرمایه گذاری در سپرده بانکی و گواهی سپرده: | AC4: 1404/02/31
AC5: 1404/03/31
B6: نام سپرده بانکی | F6: =' سهام'!AC7 -> طی مهر ماه | J6: =' سهام'!AC8 -> از ابتدای سال مالی تا پایان مهر ماه | AC6: برای ماه منتهی به 1404/03/31
B7: نام سپرده | D7: شماره حساب | F7: سود سپرده بانکی و گواهی سپرده | H7: درصد سود به میانگین سپرده | J7: سود سپرده بانکی و گواهی سپرده | L7: درصد سود به میانگین سپرده | AC7: طی خرداد ماه
F8: یادداشت 2-2-1 | J8: یادداشت 2-2-1 | AC8: از ابتدای سال مالی تا پایان خرداد ماه
B9: سپرده کوتاه مدت بانک خاورمیانه مهستان | D9: 1005-10-810-00030030-1 | F9: 20096 | H9: 0 | J9: 104340 | L9: 0
B10: سپرده کوتاه مدت بانک گردشگری سعادت آباد | D10: 132.9967.1490777.1 | F10: 3971033781 | H10: 0 | J10: 19500020310 | L10: 0
B11: جمع | F11: =SUM(F9:F10) -> 3971053877 | H11: =SUM(H9:H9) -> 0 | J11: =SUM(J9:J10) -> 19500124650 | L11: =SUM(L9:L9) -> 0

Sheet Sheet1

Sheet سایر درآمدها
B1: ='درآمد سپرده بانکی'!B1:M1 -> صندوق سرمایه گذاری شاخص سی شرکت بزرگ فیروزه
B2: صورت وضعیت درآمدها
B3: =' سهام'!AC6 -> برای ماه منتهی به 1404/07/30
B4: 4-2-سایر درآمدها: | AC4: 1404/02/31
D5: =' سهام'!AC7 -> طی مهر ماه | F5: =' سهام'!AC8 -> از ابتدای سال مالی تا پایان مهر ماه | AC5: 1404/03/31
B6: سایر درآمدها | D6: 2664 | F6: 468601799 | AC6: برای ماه منتهی به 1404/03/31
B7: تعدیل کارمزد کارگزار | D7: 104737469 | F7: 3757374794
D8: =SUM(D6:D7) -> 104740133 | F8: =SUM(F6:F7) -> 4225976593
